装备名称,属性,值
尼米兹号航空母舰,舰种,航空母舰
尼米兹号航空母舰,舰级,尼米兹级航空母舰
尼米兹号航空母舰,舰名出处,切斯特·W·尼米兹
尼米兹号航空母舰,拥有国,美国
尼米兹号航空母舰,下订日期,1967年3月31日
尼米兹号航空母舰,建造者,纽波特纽斯造船公司
尼米兹号航空母舰,单艘造价,10亿美元（1975年）
尼米兹号航空母舰,動工日期,1968年6月22日
尼米兹号航空母舰,下水日期,1972年5月13日
尼米兹号航空母舰,入役日期,1975年5月3日
尼米兹号航空母舰,重新歸類,CVN-68
尼米兹号航空母舰,母港,基萨普海军基地
尼米兹号航空母舰,格言,"Teamwork, a Tradition"
尼米兹号航空母舰,綽號,"""Old Salt"""
尼米兹号航空母舰,目前状态,服役中
尼米兹号航空母舰,船徽,
尼米兹号航空母舰,排水量,"100,020長噸（112,020短噸）"
尼米兹号航空母舰,长度,"全长：1,092英尺（332.8米）水线：1,040英尺（317.0米）"
尼米兹号航空母舰,型宽,全长：252英尺（76.8米）水线：134英尺（40.8米）
尼米兹号航空母舰,吃水,最大：37英尺（11.3米）限制：41英尺（12.5米）
尼米兹号航空母舰,動力來源,"2座西屋A4W核反应堆4座蒸汽涡轮发动机4轴260,000马力（194兆瓦）"
尼米兹号航空母舰,最高速度,31.5節（58.3公里每小時）
尼米兹号航空母舰,續航力,无限距离；20-25年
尼米兹号航空母舰,乘員,水兵：3200飞行大队：1500其他：500
尼米兹号航空母舰,偵搜系统,AN/SPS-48E 3-D空中搜索雷达AN/SPS-49(V)5 2-D空中搜索雷达AN/SPQ-9B目标截获雷达AN/SPN-46空中管制雷达AN/SPN-43C空中管制雷达AN/SPN-41着陆辅助雷达4个Mk 91 NSSM引导系统4个Mk 95雷达
尼米兹号航空母舰,武器裝備,2 × RIM-7海麻雀导弹2 × RIM-116拉姆导弹2 × 方阵近迫武器系统加特林机砲
尼米兹号航空母舰,電戰系统,SLQ-32A(V)4电战反制系统SLQ-25A Nixie鱼雷反制系统
尼米兹号航空母舰,裝甲,机密
尼米兹号航空母舰,艦載機,90架标准舰载机与直升机
库兹涅佐夫号航空母舰,舰种,航空母舰
库兹涅佐夫号航空母舰,舰级,库兹涅佐夫蘇聯海軍元帥级
库兹涅佐夫号航空母舰,拥有国,苏联/ 俄羅斯
库兹涅佐夫号航空母舰,下订日期,1981年3月3日
库兹涅佐夫号航空母舰,建造者,尼古拉耶夫造船廠涅夫斯基工程設計局
库兹涅佐夫号航空母舰,動工日期,1983年2月22日
库兹涅佐夫号航空母舰,下水日期,1985年12月4日
库兹涅佐夫号航空母舰,入役日期,1991年1月21日
库兹涅佐夫号航空母舰,目前状态,维修已叫停，進入封存
库兹涅佐夫号航空母舰,排水量,"标准：46,540噸满载：59,100噸"
库兹涅佐夫号航空母舰,长度,306.45米（飛行甲板）270米（水缐）
库兹涅佐夫号航空母舰,型宽,71.95米（飛行甲板）33.4米（水缐）
库兹涅佐夫号航空母舰,吃水,9.76米
库兹涅佐夫号航空母舰,動力輸出,"4×37MW渦輪機9×1,500 kW渦輪發電機6×1,500 kW柴油發電機4軸"
库兹涅佐夫号航空母舰,鍋爐,"8蒸氣鍋爐,149兆瓦"
库兹涅佐夫号航空母舰,功率,"41,000匹馬力"
库兹涅佐夫号航空母舰,最高速度,29節
库兹涅佐夫号航空母舰,續航力,5天7100公里（时速32节）
库兹涅佐夫号航空母舰,乘員,"1,960船員626飛行組員 40旗幟員（3,857房間）"
库兹涅佐夫号航空母舰,武器裝備,"6 ×AK-630防空砲（6具30mm口徑，每分鐘6千發, 24千發彈）8×CADS-N-1 栗子近迫防衛砲（2具30mm口徑3K87格林機炮）  12× P-700花岗岩/SS-N-19海难反艦飛彈24× 8槽3K95匕首/SA-N-9护手套防空飛彈VLS（192具垂直發射系統;3秒一發）2×RBU-12000王蛇-1反潛火箭（60發）2× PK－210× PK－10干扰箔条发射器"
库兹涅佐夫号航空母舰,電子設備,1×“天空哨兵”相控阵雷达1× MR－710“顶板”三座标对空/对海雷达2×MR－320M“双支撑”对海雷达4× MR－360“十字剑”火控雷达（用于SA－N－9）8× 3P37“热闪”火控雷达（用于SA－N－11）1×“蛋糕台”战术空中导航雷达
库兹涅佐夫号航空母舰,艦載機,總數30架 4× Ka-31直昇機2× Ka-27直昇機18× Su-33(計劃換裝20～24架米格-29K)6× 米格-29K
戴高乐号航空母舰,舰种,航空母艦
戴高乐号航空母舰,舰级,戴高樂級
戴高乐号航空母舰,舰名出处,夏爾·戴高樂
戴高乐号航空母舰,拥有国,法國
戴高乐号航空母舰,前型,克里孟梭級航空母艦
戴高乐号航空母舰,次型,新世代航空母艦
戴高乐号航空母舰,建造者,法國船舶建造局（法语：DCNS）（DCN）布雷斯特造船廠
戴高乐号航空母舰,動工日期,1989年4月
戴高乐号航空母舰,下水日期,1994年5月
戴高乐号航空母舰,入役日期,2001年5月18日
戴高乐号航空母舰,退役日期,預計2038年
戴高乐号航空母舰,母港,土倫港
戴高乐号航空母舰,結局,現役
戴高乐号航空母舰,排水量,"35,000噸满载：42,500噸"
戴高乐号航空母舰,长度,261.5公尺
戴高乐号航空母舰,型宽,64.36米（甲板）31.5米（水線）
戴高乐号航空母舰,吃水,9.43米
戴高乐号航空母舰,動力輸出,2具英國通用電氣公司-阿爾斯通61SW蒸氣渦輪引擎，雙軸推進
戴高乐号航空母舰,鍋爐,2具阿海琺K15壓水式核能反應爐每具輸出150MW
戴高乐号航空母舰,功率,"83,000匹馬力（60MW）"
戴高乐号航空母舰,發電機,"12具柴油引擎，輸出電壓440伏特/60赫茲4具4,000Kw4具1,100Kw4具250Kw"
戴高乐号航空母舰,電力輸出,"21,400Kw"
戴高乐号航空母舰,最高速度,27節（50公里/小時）
戴高乐号航空母舰,續航力,無限制
戴高乐号航空母舰,乘員,"船艦組員1,150人飛行大隊600人"
戴高乐号航空母舰,射控裝置,SENIT-8戰鬥系統
戴高乐号航空母舰,武器裝備,4 x 八管史維垂直發射系統可發射阿斯忒里翁15型地對空飛彈2 x 六管薩德哈爾防空自衛系統可發射西北風（Mistral）防空飛彈8 x 20公釐F2近迫防衛機砲
戴高乐号航空母舰,電子設備,DRBV 26D 對空搜索雷達DRBV 15C 低空搜索雷達 SMART-S Mk2相位陣列雷達Arabel 目標照明雷達DRBJ 11 B 三維對空搜索雷達（已拆除）
戴高乐号航空母舰,電戰系统,ARBR 21 偵測器ARBB 33 反制套件ARBG2 MAIGRET 攔截彈4 × Sagaie 誘餌發射器SLAT 魚雷反制套件
戴高乐号航空母舰,艦載機,30-40架各型飛機24架阵风戰鬥機2架E-2空中預警機AS-565豹式直昇機等
戴高乐号航空母舰,飛行設施,"最大長261.5公尺、最大寬64.34公尺飛行甲板實際面積12,300平方公尺以上機庫容積為138.5 x 29.4 x 6.1公尺，最多可收容23架固定翼機、2架旋翼機2座最大承載力35噸的升降機 2座C-13-3蒸氣彈射器3,600噸航空燃油2,100噸空用械彈"
阿利伯克级驱逐舰,舰种,神盾驅逐艦
阿利伯克级驱逐舰,舰名出处,阿利·伯克級驅逐艦
阿利伯克级驱逐舰,拥有国,美国
阿利伯克级驱逐舰,所有者,美國海軍
阿利伯克级驱逐舰,前型,紀德級史普魯恩斯級
阿利伯克级驱逐舰,次型,朱姆沃爾特級DDG(X)
阿利伯克级驱逐舰,建造者,英戈爾斯造船廠巴斯鋼鐵廠現代重工
阿利伯克级驱逐舰,单艘造价,單價18.43億美金（DDG 114-116，2011/12年度）
阿利伯克级驱逐舰,動工日期,"1988年迄今：
1988 - 1996 年（Flight I）
1995 - 1997 年（Flight II 批次）
1997 - 至今（Flight IIA 批次）
2019 - 至今（Flight III 批次）"
阿利伯克级驱逐舰,入役日期,74艘
阿利伯克级驱逐舰,目前状态,現役
阿利伯克级驱逐舰,計劃數,原計劃98艘，目前預計22艘伯克型Flight III取代提康德羅加級巡洋艦
阿利伯克级驱逐舰,排水量,"满载：8,315噸（Flight I構型）8,400噸（Flight II構型）9,200噸（Flight IIA構型）9,800噸（Flight III構型）"
阿利伯克级驱逐舰,长度,153.77米（Flight I/II構型）155.29米（Flight IIA構型）155.448米（Flight III構型）
阿利伯克级驱逐舰,型宽,20.4米（Flight I/II/IIA構型）20.239米（Flight III構型）
阿利伯克级驱逐舰,吃水,"9.35 米 (含声纳罩,Flight I構型)9.90 米 (含声纳罩,Flight II構型)9.72 米 (含声纳罩,Flight IIA構型)9.40 米 (含声纳罩,Flight III構型)"
阿利伯克级驱逐舰,動力輸出,4具LM2500-30燃氣渦輪發動機2軸共輸出10.8万馬力
阿利伯克级驱逐舰,燃料,柴油
阿利伯克级驱逐舰,發電機,3台Allison AG9140發電機
阿利伯克级驱逐舰,電力輸出,"每台2500 kW（3,400 hp），440 V"
阿利伯克级驱逐舰,最高速度,超过30节
阿利伯克级驱逐舰,續航力,"20節之下8400公里（4,400海浬）"
阿利伯克级驱逐舰,乘員,303(Flight I/II構型)329(Flight IIA構型)
阿利伯克级驱逐舰,偵搜系统,"AN/SQR-19拖曳陣列聲納(Flight I/II構型)AN/SQR-20（TB-37U）拖曳陣列聲納＊1(DDG-113起)AN/SQS-53C聲納AN/SLQ-25魚雷反制系統＊1AN/SPY-1D對空搜索雷達(固定式陣列天線＊4)(DDG-51~90）AN/SPY-1D(V)對空搜索雷達(固定式陣列天線＊4)（DDG-91~124,DDG-127)AN/SPY-6(V)1对空搜索雷达(固定式陣列天線＊4)（DDG-125起，DDG-127除外）AN/SPQ-9B/X波段追蹤雷達＊1（经AMDR升级的驱逐舰均换装，DDG-125起SPQ-9B與AMDR-S雷達由同一控制器控制）MK-46 Mod 0（DDG-51~84）/Mod 1（DDG-85~）光電射控儀＊1AN/SPG-62照射器＊3AN/SLQ-32(V)2/3/5電子戰系統＊1AN/SLQ-32(V)7電子戰系統＊1 (DDG-91)MK-36 Mod6干擾彈發射器＊6（SRBOC）MK-53 Nulka主動式誘餌發射器＊4（2000年代陸續加裝）MK-59充氣式水面誘餌發射器＊4（2013年起陸續加裝）AN/SPS-67(V)3平面搜索雷達＊1AN/SPS-64(V)9航海雷達＊1(裝備於DDG-51~86)Decca Bridge Master E航海雷達＊1(DDG-87起裝備)Prairie Masker氣泡幕噪音抑制系統AN/WLD-1遙控獵雷載具(DDG-91~96)"
阿利伯克级驱逐舰,武器裝備,"一具5吋（127mm/54）Mk 45輕型艦砲（DDG-51到80）/一具5吋（127mm/62）Mk 45 Mod 4輕型艦砲（DDG-81後）
兩具四聯裝MK-141RGM-84魚叉反艦飛彈發射器(Flight I&II)
兩具20mm方陣快砲（DDG-51到84）/一具或無20mm方陣快砲（DDG-85後）
MK-38 Mod1 25mm機砲＊2（2000年代起加裝）（DDG-51到103）
MK-38 Mod2 25mm遙控機砲系統（GWS）＊2 （DDG-104后）
四挺白朗寧M2重机枪（2000年代起加裝）
一具雷射光學炫目暨監視整合系統(DDG-88)
兩具Mk 32型水面船艦魚雷管(一次6枚Mk 46或Mk 50魚雷)
Mk 41垂直發射系統：
90具(Flight I/II構型)(前:29,後:61)
96具(Flight IIA/III構型)(前:32,後:64)
可裝載彈藥種類：
BGM-109戰斧巡弋飛彈
RIM-174標準飛彈
RIM-161飛彈
RIM-162海麻雀防空飛彈
RUM-139 阿斯洛克反潜导弹
RIM-66标准II型中程防空飛彈
RIM-156A"
阿利伯克级驱逐舰,裝甲,钢制船体，重要舱室加以凯芙拉装甲覆盖
阿利伯克级驱逐舰,飛行設施,Flight I/II：無Flight IIA/III：兩架西科斯基MH-60R海鷹直升機
阿基坦级巡防舰,舰种,一等巡防艦（噸位、火力等同驅逐艦）
阿基坦级巡防舰,舰级,阿基坦級
阿基坦级巡防舰,拥有国,法國 埃及 摩洛哥
阿基坦级巡防舰,前型,"喬治•萊格級巡防艦（英语：Georges Leygues-class frigate）
卡沙級巡防艦（英语：Cassard-class frigate）"
阿基坦级巡防舰,下订日期,原訂17+1
阿基坦级巡防舰,单艘造价,€6.70億（2014年）
阿基坦级巡防舰,動工日期,2007年~
阿基坦级巡防舰,下水日期,2010年~
阿基坦级巡防舰,入役日期,2012年~今
阿基坦级巡防舰,目前状态,10艘現役
阿基坦级巡防舰,數量,10
阿基坦级巡防舰,排水量,"6,000公噸（5,910長噸；6,610短噸）"
阿基坦级巡防舰,长度,142米（466英尺）
阿基坦级巡防舰,型宽,20米（66英尺）
阿基坦级巡防舰,吃水,5米（16英尺）
阿基坦级巡防舰,動力輸出,"2具MTU4000型（每個2.2MW）
2具EPM主推進發動機

艦艏可轉向輔助推進器"
阿基坦级巡防舰,鍋爐,"柴電-燃交替動力方式（英语：Combined diesel-electric or gasturbine）（CODLOG）
1具LM2500燃氣渦輪發動機（+G4，第四代）"
阿基坦级巡防舰,最高速度,至少27節（50公里每小時；31英里每小時）
阿基坦级巡防舰,續航力,"6,000 nmi（11,000 km；6,900 mi）（15節（28公里每小時；17英里每小時）航行時）"
阿基坦级巡防舰,乘員,108名（最多容納145名 ）
阿基坦级巡防舰,偵搜系统,"1座泰雷茲集團武仙座多功能雷达
2具Terma Scanter 2001 I波段導航雷達
泰雷茲集團 BMS 4110CL低頻艦首主/被動聲納

泰雷茲集團 Artemis紅外線搜索追蹤系統（IRST）"
阿基坦级巡防舰,射控裝置,1具STIR EO MK 2整合雷達/光電射控儀（FREDA）
阿基坦级巡防舰,武器裝備,"16單元Sylver垂直發射系統（裝填16發阿斯特飛彈）
1座奧托布雷達76公厘艦炮
3座Nexter 20毫米遙控武器系統（英语：Nexter）
8發飛魚反艦飛彈
16單元Sylver垂直发射系统（裝填16發暴風影飛彈）

2具MU90魚雷（英语：MU90 Impact）發射器"
阿基坦级巡防舰,電子設備,PAAMS
阿基坦级巡防舰,電戰系统,"Sigen MM/SMQ-765 EW電子戰系統（包含JASS電子反制系統與Nettuno 4100電子截收系統）
4具NGDS誘餌發射器

SLAT魚雷反制系統"
阿基坦级巡防舰,艦載機,1架NH90直升機
西北风级两栖攻击舰,舰种,兩棲突擊艦直升機船塢登陸艦
西北风级两栖攻击舰,舰级,西北風級
西北风级两栖攻击舰,前型,颶風級（法语：Classe Ouragan (Marine nationale française)）
西北风级两栖攻击舰,建造者,STX歐洲造船（英语：STX Europe）海軍集團
西北风级两栖攻击舰,单艘造价,4.516億歐元（2012年造價，約6億美元）
西北风级两栖攻击舰,動工日期,2003年
西北风级两栖攻击舰,下水日期,2004起
西北风级两栖攻击舰,入役日期,2005起
西北风级两栖攻击舰,目前状态,5艘服役
西北风级两栖攻击舰,數量,5艘
西北风级两栖攻击舰,排水量,"标准：16,500噸满载：21,300噸"
西北风级两栖攻击舰,长度,199米
西北风级两栖攻击舰,型宽,32米
西北风级两栖攻击舰,吃水,6.3米
西北风级两栖攻击舰,動力輸出,3台瓦錫蘭16型柴油-交流發電輸出32汽缸柴油發電機（每台輸出電力6.2 MW，等同8300匹馬力） 1台輔助用瓦錫蘭-瓦薩200型柴油-交流發電輸出18汽缸柴油發電機（輸出電力3 MW）柴電動力，驅動2台阿爾斯通MERMAID式電動可轉向推進器（英语：Azimuth thruster）（每台最大驅動電力7.5MW，等同10200匹馬力）
西北风级两栖攻击舰,功率,"24,900匹馬力（主機）4030匹馬力（輔機）20,400匹馬力（電動推進器功率）"
西北风级两栖攻击舰,最高速度,18.8節
西北风级两栖攻击舰,續航力,"10,800公里（18節）19,800公里（15節）"
西北风级两栖攻击舰,乘員,160名-200名士官兵450-900名海軍陸戰隊隊員
西北风级两栖攻击舰,偵搜系统,1座DRBN-38A導航雷達1座MRR 3D-NG對空/對海雷達
西北风级两栖攻击舰,射控裝置,2座MRR3D火控系統
西北风级两栖攻击舰,武器裝備,2挺M134迷你炮機槍4挺白朗寧M2重機槍2門F2遙控機炮（英语：20 mm modèle F2 gun）2門Breda-Mauser艦炮（英语：30 mm Breda-Mauser）2座雙聯裝西北風便攜式防空飛彈
西北风级两栖攻击舰,電子設備,11号和16号数据链舰队多卫星通信系统
西北风级两栖攻击舰,電戰系统,干擾箔條發射器
西北风级两栖攻击舰,艦載機,2艘LCAT大型通用登陸艇（法语：Engin_de_débarquement_amphibie_rapide）或EDIC小型通用登陸艇（英语：Engin_de_débarquement_d%27infanterie_et_de_chars）或CDIC小型通用登陸艇（英语：Chaland_de_débarquement_d%27infanterie_et_de_chars）59台戰鬥車輛（含13輛勒克萊爾主戰坦克）16架NH90直升機或35架虎式直升機
西北风级两栖攻击舰,飛行設施,6直升機起降甲板點
西北风级两栖攻击舰,其它,"貨艙容積6,400平方公尺"
弗吉尼亚级核潜艇,舰种,核動力攻擊潛艦
弗吉尼亚级核潜艇,舰名出处,州名/人名/魚名
弗吉尼亚级核潜艇,拥有国,美国 澳大利亞
弗吉尼亚级核潜艇,前型,海狼級
弗吉尼亚级核潜艇,次型,SSN(X)核子動力攻擊潛艦（美國）AUKUS核子動力攻擊潛艦（澳洲）
弗吉尼亚级核潜艇,单艘造价,"28亿美元 (I型-IV型)
43亿美元 (V型)"
弗吉尼亚级核潜艇,入役日期,24
弗吉尼亚级核潜艇,目前状态,現役
弗吉尼亚级核潜艇,數量,66(計劃)
弗吉尼亚级核潜艇,建造數,10
弗吉尼亚级核潜艇,排水量,"潜航：
7,900公噸（7,800長噸） (I型-IV型)

10,200公噸（10,000長噸） (V型)"
弗吉尼亚级核潜艇,长度,"115米（377英尺）(I型-IV型）
140米（460英尺）(V型）"
弗吉尼亚级核潜艇,型宽,10米（33英尺）
弗吉尼亚级核潜艇,吃水,9.8米（32英尺）
弗吉尼亚级核潜艇,艇体结构,單層外殼
弗吉尼亚级核潜艇,动力方式,通用电气S9G 壓水核子動力爐蒸氣渦輪*1（40000馬力）
弗吉尼亚级核潜艇,燃料,鈾
弗吉尼亚级核潜艇,叶轴,單軸靜音泵式推進器
弗吉尼亚级核潜艇,水上最高速度,25节以上
弗吉尼亚级核潜艇,潜行最高速度,34節
弗吉尼亚级核潜艇,續航力,無限
弗吉尼亚级核潜艇,自持力,～70天
弗吉尼亚级核潜艇,潛航深度,預估最大潜深大于450公尺（洛杉矶改进型688I的极限）小于600公尺（海狼的极限）
弗吉尼亚级核潜艇,乘員,15軍官、120水手
弗吉尼亚级核潜艇,武器裝備,"I型-V型：533mm魚雷發射管：四具（Mk 48型魚雷：25枚）I型-IV型：12具艦艏 VLS（BGM-109戰斧巡弋飛彈）
V型：12具艦艏 VLS（BGM-109戰斧巡弋飛彈）+28具艦身 維吉尼亞籌載模組（Virginia Payload Module，VPM）VLS（BGM-109戰斧巡弋飛彈）海豹部隊小潛艇、水雷"
朱姆沃尔特级驱逐舰,舰种,驅逐艦  神盾艦
朱姆沃尔特级驱逐舰,舰名出处,人名命名
朱姆沃尔特级驱逐舰,拥有国,美国
朱姆沃尔特级驱逐舰,所有者,美國海軍
朱姆沃尔特级驱逐舰,前型,伯克級
朱姆沃尔特级驱逐舰,次型,DDG(X)
朱姆沃尔特级驱逐舰,同型,2艘已服役，1艘已下水
朱姆沃尔特级驱逐舰,建造者,巴斯鋼鐵廠
朱姆沃尔特级驱逐舰,母港,加州母港
朱姆沃尔特级驱逐舰,目前状态,朱瓦特號及麥可·蒙索爾號目前服役中，林登·B·约翰逊号海試中
朱姆沃尔特级驱逐舰,长度,190米（620英尺）
朱姆沃尔特级驱逐舰,型宽,24.6米（80.7英尺）
朱姆沃尔特级驱逐舰,吃水,8.4米（28英尺）
朱姆沃尔特级驱逐舰,動力輸出,78MW/10.5万马力
朱姆沃尔特级驱逐舰,鍋爐,全電推進2具2軸劳斯莱斯MT30燃气轮机緊急用柴油發電機
朱姆沃尔特级驱逐舰,燃料,柴油
朱姆沃尔特级驱逐舰,最高速度,30 kn（56 km/h）
朱姆沃尔特级驱逐舰,乘員,140人
朱姆沃尔特级驱逐舰,偵搜系统,AN/SPY-3多功能電子掃描陣列雷達（MFR，X-波段）音量掃描陣列雷達（VSR，S-波段）
朱姆沃尔特级驱逐舰,武器裝備,20 × Mk 57 VLS 模組，每個模組4個發射井，一共80個發射井：RIM-162進化型海麻雀飛彈戰斧巡弋飛彈RIM-174標準六型導彈RUM-139 VL-ASROC 垂發反潛飛彈2 × 155毫米先進砲920發砲彈600發於彈藥艙（可自動裝填）320發於彈藥庫另有70-100發LRLAP(長程陸攻彈頭)2 × Mk 46 Mod 2 30毫米艦炮武器系統
朱姆沃尔特级驱逐舰,艦載機,1架SH-60 LAMPS III反潛直升機或1架MH-60R反潛直升機3架MQ-8Fire Scout無人直升機
朱姆沃尔特级驱逐舰,飛行設施,反潛直昇機
45型驱逐舰,舰种,飛彈驅逐艦
45型驱逐舰,前型,42型驱逐舰
45型驱逐舰,次型,83型驅逐艦
45型驱逐舰,同型,Daring（勇敢）、Dauntless（無畏）Diamond（鑽石）、Dragon（龍）Defender（衛士）、Duncan（鄧肯）
45型驱逐舰,下订日期,6艘
45型驱逐舰,单艘造价,超过10.05亿英镑（包含研发费用）
45型驱逐舰,下水日期,6艘
45型驱逐舰,入役日期,6艘
45型驱逐舰,數量,12艘（計畫）
45型驱逐舰,排水量,"7,350吨"
45型驱逐舰,长度,152.4米
45型驱逐舰,型宽,21.2米
45型驱逐舰,吃水,5米
45型驱逐舰,動力輸出,"全電推進2 × 勞斯萊斯／诺斯罗普格鲁曼WR-21燃气轮机 (2 × 21.5 MW, 57,600马力)2 × Wärtsilä 12V200柴油机(2 × 2MW, 5,400马力)2× GE Converteam发电机（2 × 20MW, 54,000马力）驱动双轴双桨"
45型驱逐舰,最高速度,大于27節
45型驱逐舰,續航力,"大于7,000海浬"
45型驱逐舰,乘員,190-235人
45型驱逐舰,偵搜系统,SAMPSON多重目標追蹤雷達S1850M 3D對空搜索雷達
45型驱逐舰,武器裝備,Sylver垂直發射系統48枚阿斯忒里翁15/阿斯忒里翁30防空飛彈24單元海上捕手垂直發射系統，裝填24枚CAMM-ER防空飛彈2座SSM4連裝發射裝置，裝填8枚魚叉反艦飛彈或海軍打擊導彈1座114毫米BAE Systems Mk 8艦砲（英语：4.5-inch Mark 8 naval gun）2座30毫米Oerlikon DS30B機砲（英语：DS30B rapid fire cannon）2座20毫米方陣近迫武器系統2挺7.62毫米M134迷你砲機槍或12.7毫米白朗寧M2重機槍6挺7.62毫米L7通用機槍
45型驱逐舰,電子設備,PAAMS
45型驱逐舰,電戰系统,海蚊飛彈誘導系統SSTDS水下誘餌
45型驱逐舰,艦載機,1架Lynx力士 HMA8 反潛直升機 或 1架 Merlin HM Mark1直升機
元级潜艇,舰种,常规动力攻击潜艇
元级潜艇,舰名出处,北约代号“元”级
元级潜艇,拥有国,中华人民共和国
元级潜艇,前型,039型潜艇
元级潜艇,同型,34艘
元级潜艇,完工日期,26艘
元级潜艇,目前状态,现役
元级潜艇,排水量,水上：约3000吨潜航：约4000吨
元级潜艇,长度,77.6米
元级潜艇,型宽,8.4米
元级潜艇,吃水,6.7米
元级潜艇,动力方式,AIP (斯特林发动机)
元级潜艇,燃料,柴油
元级潜艇,水上最高速度,12节
元级潜艇,潜行最高速度,约20节
元级潜艇,續航力,约6500海里
元级潜艇,潛航深度,约400米
元级潜艇,乘員,55~58人
元级潜艇,武器裝備,533mm鱼雷发射管x6鹰击82反舰导弹
凯旋级核潜艇,舰种,弹道导弹核潜艇 (SSBN - NG)
凯旋级核潜艇,拥有国,法國國家海軍
凯旋级核潜艇,次型,SNLE-3G
凯旋级核潜艇,排水量,"水上：12,685公噸潜航：14,335公噸"
凯旋级核潜艇,长度,138公尺
凯旋级核潜艇,型宽,12.5公尺
凯旋级核潜艇,吃水,10.6公尺
凯旋级核潜艇,动力方式,K15压水反应堆
凯旋级核潜艇,潜行最高速度,超過25節（46.3 公里/小時）
凯旋级核潜艇,續航力,20年
凯旋级核潜艇,自持力,70日
凯旋级核潜艇,潛航深度,400公尺
凯旋级核潜艇,乘員,15名軍官96名船員
凯旋级核潜艇,武器裝備,533mm魚雷發射管（18枚 F17、F21型魚雷或SM39潛射型飛魚反艦飛彈）16枚MSBS（海對地戰略飛彈）M-45（英语：M45 (missile)）（頭三艘）MSBS（海對地戰略飛彈）M-51（英语：M51 (missile)）
F-22猛禽战斗机,類型,第五代匿蹤制空戰鬥機
F-22猛禽战斗机,乘員,1人
F-22猛禽战斗机,首飛,1997年9月7日
F-22猛禽战斗机,服役,2005年12月15日
F-22猛禽战斗机,生產,洛克希德·馬丁波音
F-22猛禽战斗机,產量,195架（8架試驗型和187架量產型）
F-22猛禽战斗机,單位造價,1.43億美元（2020）49.9億新台幣（2020）
F-22猛禽战斗机,現況,現役
F-22猛禽战斗机,主要用戶,美國空軍
F-22猛禽战斗机,衍生機型,X-44、FB-22（已取消）、F-35
F-22猛禽战斗机,長度,18.92米（62呎1吋）
F-22猛禽战斗机,翼展,13.56米（44呎6吋）
F-22猛禽战斗机,高度,5.08米（16呎8吋）
F-22猛禽战斗机,翼面積,78.04平方米（840平方呎）
F-22猛禽战斗机,空重,"19,700公斤（43,340磅）（YF-22為14,360公斤）"
F-22猛禽战斗机,正常起飛重量,"29,410公斤（64,840磅）"
F-22猛禽战斗机,最大起飛重量,"38,000公斤（83,500磅）"
F-22猛禽战斗机,發動機,2具普惠公司F119-PW-100渦扇發動機
F-22猛禽战斗机,推力,2 × 116千牛頓（淨推力）2 × 156千牛頓（後燃器開啟）
F-22猛禽战斗机,最大燃油量,"8,200公斤（18,000磅）12,000公斤（26,000磅）攜帶2個外部燃油箱"
F-22猛禽战斗机,最大速度,"2.25馬赫 (1,500英里/時；2,414公里/時)（高空）（實際速度為美國空軍機密） 1.21馬赫 (921英里/時；1,482公里/時)（海平面）"
F-22猛禽战斗机,巡航速度,"1.82馬赫 (1,220英里/時；1,963公里/時)"
F-22猛禽战斗机,最大升限,"20,000公尺（65,000呎）"
F-22猛禽战斗机,最大航程,"2,220公里3,000公里（1,600海浬、1,800哩）（攜帶2個外部燃油箱）3,220公里（轉場航程）"
F-22猛禽战斗机,作戰半徑,851公里（460海浬、529哩）
F-22猛禽战斗机,翼負荷,377公斤/平方公尺（77.2磅/平方呎）
F-22猛禽战斗机,推重比,1.08
F-22猛禽战斗机,最大過載,-3G/10G
F-22猛禽战斗机,機炮,1门M61A1 20毫米火神式機炮配有480發彈藥
F-22猛禽战斗机,飛彈,2枚AIM-9X響尾蛇飛彈6枚AIM-120C/D AMRAAM飛彈
F-22猛禽战斗机,炸彈,2枚GBU-32 JDAM
B-2幽灵战略轰炸机,類型,美国第一代隐形战略轰炸机
B-2幽灵战略轰炸机,乘員,2人
B-2幽灵战略轰炸机,首飛,1989年7月17日
B-2幽灵战略轰炸机,服役,1997年4月
B-2幽灵战略轰炸机,生產,诺斯洛普·格鲁门公司
B-2幽灵战略轰炸机,產量,21架
B-2幽灵战略轰炸机,單位造價,24亿美元（2009年币值）
B-2幽灵战略轰炸机,現況,现役
B-2幽灵战略轰炸机,主要用戶,美国
B-2幽灵战略轰炸机,長度,21.0米
B-2幽灵战略轰炸机,翼展,52.4米
B-2幽灵战略轰炸机,高度,5.18米
B-2幽灵战略轰炸机,翼面積,478平方米
B-2幽灵战略轰炸机,空重,"158,000磅（71,700公斤）"
B-2幽灵战略轰炸机,負載重量,"40,000磅（18,000公斤）"
B-2幽灵战略轰炸机,最大起飛重量,"376,000磅（170,600公斤）"
B-2幽灵战略轰炸机,推力,"4×17,300磅（77千牛）"
B-2幽灵战略轰炸机,最大燃油量,"167,000磅（76,000公斤）"
B-2幽灵战略轰炸机,最大速度,"0.95马赫 (630英里/时；1,010公里/时)（12,000米；40,000英尺）"
B-2幽灵战略轰炸机,巡航速度,"0.85马赫 (560英里/时；900公里/时)（12,000米；40,000英尺）"
B-2幽灵战略轰炸机,最大升限,"50,000英尺（15,200米）"
B-2幽灵战略轰炸机,最大航程,"11,000公里（6,000海里，6,900英里）"
B-2幽灵战略轰炸机,推重比,0.205
B-2幽灵战略轰炸机,炸彈,"80枚500磅Mk-82低阻力通用炸弹36枚750磅集束炸弹16枚2,000磅等级炸弹16枚B-61战术核弹或B-83核弹16具旋转挂架（Rotary Launcher Assembly，RLA）可携带Mk 84 2,000磅低阻力通用炸弹GBU-31联合直接攻击弹药（JDAM）巨型钻地弹升级后可携带AGM-154联合战区外武器（JSOW）GBU-28AGM-158联合空对地远程导弹（JASSM）"
F-35闪电II战斗机,類型,第五代匿蹤多用途戰鬥機
F-35闪电II战斗机,乘員,1人
F-35闪电II战斗机,首飛,2006年12月15日
F-35闪电II战斗机,服役,2015年7月31日（海军陆战队F-35B）2016年8月2日（空军F-35A）2019年2月28日（海军F-35C）
F-35闪电II战斗机,生產,洛克希德·马丁
F-35闪电II战斗机,產量,1215架以上（截至2025年8月）
F-35闪电II战斗机,單位造價,"F-35A：7,790萬美元 F-35B：1.013億美元 F-35C：9,440萬美元"
F-35闪电II战斗机,現況,服役中
F-35闪电II战斗机,主要用戶,参见使用国列表
F-35闪电II战斗机,衍生自,聯合攻擊戰鬥機計劃X-35验证机
F-35闪电II战斗机,長度,A型：15.4米B型：15.4米C型：15.5米
F-35闪电II战斗机,翼展,A型：10.7米B型：10.7米C型：13.1米
F-35闪电II战斗机,高度,A型：4.33米B型：4.33米C型：4.54米
F-35闪电II战斗机,翼面積,A型：42.7平方米  B型：42.7平方米  C型：62.1平方米
F-35闪电II战斗机,空重,"A型：28,999磅（13,154公斤）B型：32,472磅（14,729公斤）C型：34,581磅（15,686公斤）"
F-35闪电II战斗机,正常起飛重量,"A型：49,540磅（22,470公斤）B型：47,996磅（21,771公斤）C型：57,094磅（25,897公斤）"
F-35闪电II战斗机,最大起飛重量,"A型：65,918磅（29,900公斤）B型：60,000磅（27,200公斤）C型：70,000磅（31,800公斤）"
F-35闪电II战斗机,發動機,A型：一具普惠F135-PW-100 B型：一具普惠F135-PW-600渦輪風扇引擎和一具勞斯萊斯升力系統（英语：Rolls-Royce LiftSystem）C型：一具普惠F135-PW-400渦輪引擎
F-35闪电II战斗机,推力,"軍用推力：125千牛頓（28,000磅力）最大後燃推力：191千牛頓（43,000磅力）"
F-35闪电II战斗机,最大燃油量,"A型：8,278公斤（18,250磅）B型：6,045公斤（13,326磅）C型：8,901公斤（19,624磅）"
F-35闪电II战斗机,最大速度,1.6+馬赫
F-35闪电II战斗机,最大升限,"18,300公尺（60,000呎)"
F-35闪电II战斗机,最大航程,"A型：2,800公里（1700海浬）B型：大於1,670公里（900海浬）C型：大於2,220公里（1360海浬）"
F-35闪电II战斗机,作戰半徑,"A型：1,239公里（669海浬，無空中加油）B型：935公里（505海浬）C型：1,240公里（670海浬）"
F-35闪电II战斗机,翼負荷,526公斤/平方公尺(107.7磅/平方呎)
F-35闪电II战斗机,推重比,A型：0.87B型：0.9C型：0.75
F-35闪电II战斗机,最大過載,A型：9.0 GB型：7.5 GC型：7.5 G
F-35闪电II战斗机,機炮,1具GAU-22/A平衡者機砲 25毫米機炮
F-35闪电II战斗机,飛彈,空对空导弹：AIM-120 AMRAAM 先进中程空对空导弹、AIM-9X“响尾蛇”飛彈AIM-132 ASRAAM 空对空导弹、欧洲“流星”导弹巨蟒五型空對空導彈 (F35I)空对地导弹：「JASSM」联合空對地遠距攻擊飛彈，AGM-88G AARGM-ER反輻射導彈，AGM-179 JAGM导弹 空对艦导弹：海軍打擊飛彈（英语：Joint Strike Munition）LRASM反艦飛彈风偏修正弹药洒布器（英语：Wind Corrected Munitions Dispenser）
F-35闪电II战斗机,炸彈,"“JDAM”联合直接攻击弹药、GBU-39小直徑炸彈、GBU-53/B小直徑炸彈、AGM-154联合战区外武器和B-61戰術核子彈，四個內置掛點、六個翼下掛點總共可達8,200公斤（18,000磅）。"
F-16战隼战斗机,類型,第四代多用途戰機
F-16战隼战斗机,乘員,1人（A型/C型/E型）2人（B型/D型/F型）
F-16战隼战斗机,首飛,1974年1月20日（突發情況意外起飛）1974年2月2日（正式首飛）
F-16战隼战斗机,服役,1978年8月17日
F-16战隼战斗机,生產,美国：通用動力公司洛克希德洛克希德馬丁（原廠） 土耳其：土耳其航空航天工業（授權生產） 荷蘭：福克（授權生產） 比利时：SABCA（授權生產） 丹麦：Terma A/S（英语：Terma A/S）（授權生產） 挪威：康斯堡國防與航太（英语：Kongsberg Defence Systems）及其他（授權生產） 大韓民國：韓國航太工業公司（授權生產）
F-16战隼战斗机,產量,"4,604架（截至2018年6月）"
F-16战隼战斗机,單位造價,"F-16A/B：1,460萬美元（1998年）F-16C/D：1,880萬美元（1998年）F-16E/F：2,690萬美元（2005年） F-16C/D Block 70：1億2,180萬美元（2020年）"
F-16战隼战斗机,主要用戶,美國空軍 以色列空軍 土耳其空軍 埃及空軍 中華民國空軍 荷蘭皇家空軍 大韓民國空軍 希臘空軍 比利時空軍
F-16战隼战斗机,衍生機型,NF-16DF-2戰鬥機F-CK-1經國號戰鬥機F-16XL戰鬥機
F-16战隼战斗机,長度,49英尺5英寸（15.06米）
F-16战隼战斗机,翼展,32英尺8英寸（9.96米）
F-16战隼战斗机,高度,16英尺（4.9米）
F-16战隼战斗机,翼面積,300 sq ft（27.87 m2）
F-16战隼战斗机,空重,"18,900磅（8,570公斤）"
F-16战隼战斗机,正常起飛重量,"26,500磅（12,000公斤）"
F-16战隼战斗机,最大起飛重量,"42,300磅（19,200公斤）"
F-16战隼战斗机,發動機,"F-16A/B：批次 1/5/10/15： 普惠 F100-PW-200渦輪扇發動機軍用推力14,670磅力（64.9千牛）最大推力23,830磅力（106.0千牛）批次 15OCU/20： 普惠 F100-PW-220渦輪扇發動機軍用推力14,590磅力（64.9千牛）最大推力23,770磅力（105.7千牛）F-16C/D：批次 25/32/42： 普惠 F100-PW-220E渦輪扇發動機軍用推力14,590磅力（64.9千牛）最大推力23,770磅力（105.7千牛）批次 30/40： 奇異 F110-GE-100渦輪扇發動機軍用推力17,155磅力（76.3千牛）最大推力28,984磅力（128.9千牛）批次 50/70： 奇異 F110-GE-129渦輪扇發動機軍用推力17,155磅力（76.3千牛）最大推力29,588磅力（131.5千牛）批次 52/72： 普惠 F100-PW-229渦輪扇發動機軍用推力17,000磅力（75.6千牛）最大推力29,160磅力（129.6千牛) F-16E/F：批次 60：奇異 F110-GE-132渦輪扇發動機軍用推力19,000磅力（84.5千牛）最大推力32,500磅力（144.6千牛）"
F-16战隼战斗机,最大燃油量,"3,200公斤（7,000磅）"
F-16战隼战斗机,最大速度,"2.05馬赫 (1,353哩/時；2,178公里/時)（高空）高度40,000呎時（12,190公尺）1.2馬赫 (921哩/時；1,482公里/時)（海平面）"
F-16战隼战斗机,巡航速度,0.95馬赫
F-16战隼战斗机,爬升率,1200英尺/秒（来自F-16C HAF操作手册图B8-37）
F-16战隼战斗机,實用升限,"A/B/C/D 型: 19,800米（65,000英呎）E 型:15,000米（50,000英呎）"
F-16战隼战斗机,最大航程,"C型：轉場航程3,100海哩（內載燃油及攜帶適型油箱與三個外掛副油箱）超過2,277海哩（內載燃油及三個外掛副油箱）E型：3,000海哩（攜帶適型油箱與三個外掛副油箱）2,400海哩（攜帶副油箱）"
F-16战隼战斗机,作戰半徑,"295海哩（339英里，546公里）無空中加油，
作戰半徑900公里有空中加油4枚1,000磅炸彈酬載，航線高-低-高設計"
F-16战隼战斗机,翼負荷,431公斤/平方公尺
F-16战隼战斗机,推重比,1.24（C型block 50，內載燃油50%狀態）
F-16战隼战斗机,最大過載,9.0 G
F-16战隼战斗机,機炮,1門M61A2火神式20毫米機炮（備彈511發）
F-16战隼战斗机,火箭,"4x LAU-61／LAU-68火箭莢艙（每個含19x／7x Hydra 70毫米火箭彈或APKWS II導引火箭）
4x LAU-5003火箭莢艙（每個含19x CRV7 70毫米火箭彈）

4x LAU-10火箭莢艙（每個含4x 127毫米祖尼火箭）"
F-16战隼战斗机,飛彈,空对空导弹：AIM-7「麻雀」中程空对空导弹AIM-120“AMRAAM”先进中程空对空导弹AIM-9響尾蛇短程空對空飛彈巨蟒四型飛彈(F16I)巨蟒五型飛彈(F16I)空对地导弹：AGM-65小牛飛彈AGM-88 HARM反輻射導彈AGM-158聯合空對地距外飛彈反艦飛彈：AGM-84魚叉反艦飛彈AGM-119企鵝反艦飛彈
F-16战隼战斗机,炸彈,"六個翼下掛點、一個機身中線掛點，總外掛可達17,000磅（7,700公斤）Mk 80系列炸彈聯合直接攻擊彈藥KGGB精準導引炸彈GBU-39小直徑炸彈AGM-154聯合戰區外武器B-61戰術核子彈B83核彈"
F-16战隼战斗机,其他,"雷達：AN/APG-66 （F-16A/B）AN/APG-68 （F-16C/D）AN/APG-80 （F-16E/F） AN/APG-83（F-16AM/BM/CM/DM, F16C/D Block 70/72）
反制系統：AN/ALE-47反制灑布器

造價: F-16A/B：1,460萬美金F-16C/D：1,880萬美金（1998）F-16E/F：2,690萬美元（2005年）"
F-14雄猫式战斗机,類型,第四代可變後掠翼空中優勢戰鬥機、截擊機、艦隊防空戰鬥機
F-14雄猫式战斗机,乘員,2人（一名飛官與一名雷達攔截官—RIO）
F-14雄猫式战斗机,首飛,1970年12月21日
F-14雄猫式战斗机,服役,1974年9月22日
F-14雄猫式战斗机,退役,2006年9月22日（ 美國海軍）
F-14雄猫式战斗机,生產,格魯曼
F-14雄猫式战斗机,產量,712架
F-14雄猫式战斗机,主要用戶,美國海軍（已退役） 伊朗皇家空軍→ 伊朗伊斯兰共和国空军
F-14雄猫式战斗机,長度,19.13公尺（62英呎9英吋）
F-14雄猫式战斗机,翼展,完全展開，最小後掠角時:19.54 公尺/ 64英呎1.5英吋完全收折，最大後掠角時: 11.65 公尺/ 38英呎2.5英吋
F-14雄猫式战斗机,高度,4.9 公尺（16英呎）
F-14雄猫式战斗机,翼面積,僅機翼: 52.5 公尺 2（平方米）;565英尺2（平方英尺）等效面積，包括升力機體: 94 公尺 2（平方公尺）;1008英尺2（平方英尺）
F-14雄猫式战斗机,空重,"19,838公斤（43,735磅）"
F-14雄猫式战斗机,正常起飛重量,"27,669公斤（61,000磅）"
F-14雄猫式战斗机,最大起飛重量,"33,725公斤（74,350磅）"
F-14雄猫式战斗机,發動機,F-14A使用:兩台普惠TF30低旁通比帶後燃器渦輪扇引擎F-14A+及B使用:兩台通用电气航空F110-GE-400帶後燃器渦輪扇引擎
F-14雄猫式战斗机,推力,"靜軍用推力: 單台 73.9千牛（16,610磅力）後燃推力: 單台 134千牛（30,200磅力）"
F-14雄猫式战斗机,最大燃油量,"7,348公斤（16,200磅）"
F-14雄猫式战斗机,最大速度,"2,485公里／小時 ; 1,544英里／小時（2.34馬赫）"
F-14雄猫式战斗机,爬升率,"229米/秒 ; 45,000英呎/分鐘"
F-14雄猫式战斗机,實用升限,"16,000 公尺（53,000英呎）"
F-14雄猫式战斗机,最大航程,"1,600海哩（1,800英里，3,000公里）"
F-14雄猫式战斗机,作戰半徑,500海哩（572 英里，926公里），無空中加油
F-14雄猫式战斗机,翼負荷,僅機翼: 470公斤/平方公尺 （96 磅／平方英尺）等效翼負荷，包括升力機體: 230公斤/平方公尺 （48 磅／平方英尺）
F-14雄猫式战斗机,推重比,0.88（滿載時）
F-14雄猫式战斗机,最大過載,7.5 G
F-14雄猫式战斗机,機炮,1門M61A2火神式20毫米機炮，備彈675發
F-14雄猫式战斗机,火箭,祖尼火箭
F-14雄猫式战斗机,飛彈,"空对空导弹：AIM-54鳳凰長程空對空導彈AIM-7「麻雀」中程空对空导弹AIM-120“AMRAAM”先进中程空对空导弹AIM-9響尾蛇短程空對空飛彈配置:**AIM-9兩枚 + AIM-54六枚（此配置之重量使F-14無法在航艦上降落，加上阻力的限制，很少出現） **AIM-9兩枚 + AIM-54兩枚 + AIM-7三枚（冷戰時期恆常性配備）**AIM-9兩枚 + AIM-54四枚 + AIM-7一枚**AIM-9兩枚 + AIM-7六枚**AIM-9兩枚 + AIM-54四枚**AIM-9兩枚 + AIM-7四枚**AIM-120八枚+AIM-9兩枚（僅作為測試用途）
空对地导弹："
F-14雄猫式战斗机,炸彈,"六個翼下、四個機身外側、一個機身中線掛點，總外掛可達14,500磅（6,600公斤）Mk 80系列低阻力自由落體航空炸彈，包括Mk-82、-83與-84等不同重量的版本“JDAM”联合直接攻击弹药B-61戰術核子彈鋪路者系列（Paveway）雷射導引炸彈，包括GBU-10（英语：GBU-10 Paveway II）、GBU-12（英语：GBU-12 Paveway II）、GBU-16（英语：GBU-16 Paveway II）（鋪路者II）GBU-24（鋪路者III）等版本
Mk 20石眼II（Rockeye II）集束炸彈"
F-14雄猫式战斗机,其他,"單機造價 3,800萬美元（1998年）戰術空中偵察莢艙系統（英语：Tactical Airborne Reconnaissance Pod System）（Tactical Airborne Reconnaissance Pod System, TARPS） 夜間低空導航暨紅外線瞄準莢艙（LANTIRN pod）AN/APG-71雷達（英语：AN/AWG-9）AN/ASN-130慣性導航（INS）紅外線搜尋追蹤（IRST）戰術控制（TCS）系統遠端視訊接收器（英语：ROVER）（ROVER）"
A-10雷电二式攻击机,乘員,1
A-10雷电二式攻击机,首飛,1972年5月10日
A-10雷电二式攻击机,服役,1977年
A-10雷电二式攻击机,生產,費爾柴德（Fairchild）
A-10雷电二式攻击机,產量,715架
A-10雷电二式攻击机,單位造價,1170萬美元（平均）
A-10雷电二式攻击机,主要用戶,美國空軍
A-10雷电二式攻击机,長度,16.26公尺
A-10雷电二式攻击机,翼展,17.53公尺
A-10雷电二式攻击机,高度,4.47公尺
A-10雷电二式攻击机,翼面積,47平方公尺
A-10雷电二式攻击机,空重,"11,321公斤（24,959磅）"
A-10雷电二式攻击机,正常起飛重量,公斤
A-10雷电二式攻击机,最大起飛重量,"22,700公斤（50,000磅）"
A-10雷电二式攻击机,發動機,2具通用電氣TF34-GE-100渦輪扇發動機
A-10雷电二式攻击机,推力,"每俱9,065 lbf（40.32 kN）"
A-10雷电二式攻击机,最大速度,"833公里／小時（1,500公尺，5,000英尺高度）"
A-10雷电二式攻击机,巡航速度,560公里／小時
A-10雷电二式攻击机,爬升率,"30公尺／秒（6,000 ft/min）"
A-10雷电二式攻击机,最大升限,"13,700 公尺（45,000 ft）"
A-10雷电二式攻击机,最大航程,"2,240海里，加掛最多油箱（2,580里，4,140公里）"
A-10雷电二式攻击机,作戰半徑,"250海里（288里，460km，密接空中支持任務)
252海里（290里，467 km，反裝甲任務）"
A-10雷电二式攻击机,翼負荷,482公斤／平方公尺
A-10雷电二式攻击机,推重比,0.36
A-10雷电二式攻击机,機炮,"一門GAU-8 Avenger7管加特林機炮，備彈1,174發炮彈（可選用貧鈾彈頭）"
A-10雷电二式攻击机,火箭,"四個 LAU-61／LAU-68火箭莢艙（每個含19x／7x Hydra 70毫米火箭彈或APKWS II導引火箭）
四個 LAU-5003火箭莢艙（每個含19x CRV7 70毫米火箭彈）

四個 LAU-10火箭莢艙（每個含4x 127毫米祖尼火箭）"
A-10雷电二式攻击机,飛彈,六枚AGM-65小牛空對地飛彈兩枚AIM-9L響尾蛇飛彈AGM-114地獄火飛彈
A-10雷电二式攻击机,炸彈,"Mk 82、Mk 83、Mk 84通用型傳統炸彈Mk-77燃燒彈BLU-1、BLU-27/B Rockeye II, Mk20, BL-755及CBU-52/71/87/89/CBU-97集束炸彈鋪路系列雷射制導炸彈聯合直接攻擊彈藥（A-10C）GBU-28（A-10C）風偏修正彈藥撒佈器 (A-10C)等"
A-10雷电二式攻击机,其他,"掛載點：8個機翼和3個機腹（共可酬載7,260kg），可掛載：
诺斯洛普·格鲁门的Litening（英语：Litening）標定莢艙或洛克希德·馬丁的狙击手先进瞄准吊舱
2x 600加侖副油箱
SUU-42A/A热诱饵弹及干擾金屬箔片投放器

AN/ALQ-131 or AN/ALQ-184電子干擾莢艙"
C-130运输机,类型,短距起降、軍用運輸機
C-130运输机,制造商,洛克希德洛克希德·馬丁
C-130运输机,状态,量產中
C-130运输机,主要用户,美國空軍（514架）  英國皇家空軍（91架）  加拿大皇家空軍（32架）  澳大利亞皇家空軍（24架）中華民國空軍（20架）  巴基斯坦空軍（16架）
C-130运输机,制造数量,"2,262架（2006年）"
C-130运输机,单位成本,"1,190萬美元（C-130E）3,010萬美元（C-130H）4,850萬美元（C-130J）"
C-130运输机,起役日期,1956年12月
C-130运输机,首飞,1954年8月23日
C-130运输机,衍生型,AC-130空中砲艇EC-130（英语：EC-130）HC-130（英语：HC-130）KC-130（英语：KC-130）LC-130（英语：LC-130）MC-130（英语：MC-130）RC-130（英语：RC-130）C-130J（英语：C-130J）等
MQ-9收割者侦察机,类型,無人航空載具（UAV）
MQ-9收割者侦察机,制造商,通用原子航空系统
MQ-9收割者侦察机,状态,現役
MQ-9收割者侦察机,主要用户,美國空軍 英國皇家空軍
MQ-9收割者侦察机,制造数量,316＋
MQ-9收割者侦察机,计划成本,118億美元
MQ-9收割者侦察机,单位成本,"1,690萬美元（2013年時的交機成本（英语：Flyaway cost））"
MQ-9收割者侦察机,生产年份,2002年－
MQ-9收割者侦察机,起役日期,2000年至今
MQ-9收割者侦察机,首飞,2001年2月2日
MQ-9收割者侦察机,发展自,MQ-1掠奪者偵察機
MQ-9收割者侦察机,发展为,复仇者无人驾驶战斗机
AH-64阿帕契直升机,其他名称,坦克殺手
AH-64阿帕契直升机,类型,攻擊直升機
AH-64阿帕契直升机,原产国,美国
AH-64阿帕契直升机,制造商,休斯飛機公司（1975－1984）麥道公司（1984－1997）富士重工業（1995年12月）波音防務（1997－目前）
AH-64阿帕契直升机,状态,現役
AH-64阿帕契直升机,主要用户,美國陸軍  陸上自衛隊 荷蘭空軍 以色列空軍 新加坡共和國空軍 中華民國陸軍 埃及空軍 英國陸軍
AH-64阿帕契直升机,制造数量,"2,400架（2020年4月）"
AH-64阿帕契直升机,单位成本,"AH-64A：2,000萬美元（2007）AH-64D：3,300萬美元（2010）AH-64E：3,550萬美元（2014）"
AH-64阿帕契直升机,生产年份,1983年－至今
AH-64阿帕契直升机,起役日期,1986年4月
AH-64阿帕契直升机,首飞,1975年9月30日
AH-64阿帕契直升机,衍生型,阿帕奇AH MK1直昇機 / WAH-64
E-3空中预警机,类型,空中預警機
E-3空中预警机,制造商,波音整體防衛公司 諾斯洛普·格魯門電子系統公司(雷達部分)
E-3空中预警机,主要用户,美國空軍 英國皇家空軍法國空軍北大西洋公約組織
E-3空中预警机,制造数量,68架
E-3空中预警机,生产年份,1991年
E-3空中预警机,起役日期,1977年3月
E-3空中预警机,首飞,1975年10月
E-3空中预警机,发展自,波音707-320
